date,p1,p2,p3,p4,p5,p6,p7,p8,p9,p10
08/1971,,,,,53600,,,,,104148
09/1971,,,,100893,,,62310,,,40878
10/1971,235834,1457795,1083928,1185027,2285997,2738749,791619,23861593,685186,920342
11/1971,14782135,83804361,84887883,41997250,42882971,23960614,25678410,75336739,25828262,10905975
12/1971,11444961,63780808,145050851,54914878,51881487,28306262,35136384,67941380,40477883,17777476
01/1972,14289555,107992420,130959691,57169461,58039704,36639260,32047012,73009670,51796133,17522924
02/1972,9943262,49191917,108095109,41427269,24972952,24701451,23665591,39980225,58765896,16662159
03/1972,28843999,137043065,58695538,62359283,40522127,44540712,68545564,46298655,43468473,20456492
04/1972,15006643,83579160,140523162,48743236,86272528,44829654,32444670,74362492,63060426,27972281
05/1972,25901109,86741315,120323698,74793618,64337514,42370017,40190987,51612882,92722872,31475382
06/1972,27206285,122443494,110531364,85885180,47933833,40259056,27681941,64242607,70339912,51407083
07/1972,26315405,118769626,114054623,83942692,47608954,31798031,36739079,35070985,79767440,62469384
08/1972,51178800,174651165,67000369,39747891,43043190,39830974,54024568,46681676,53827424,43824063
09/1972,62421547,186553397,60994237,46754269,45897978,64405837,43038180,43368897,77114671,20333948
10/1972,88500559,165375681,55983012,43809850,46534443,63121343,49013446,37529933,76812006,20165393
11/1972,62752898,193775754,56512044,75184954,36841982,37293368,72503656,33663519,60264281,14165207
12/1972,52888016,185275654,98079922,73785485,42910774,58725842,68029814,40085187,51333799,15497190
01/1973,64779264,208824496,80967950,77815296,45817943,78103548,46118600,67183381,27430226,15194815
02/1973,21796371,160862520,56739884,48581005,30418122,24450987,55662801,50470304,16976257,17316540
03/1973,60722592,163400129,72526761,66077817,38089392,41766257,72766473,55451787,18622571,22613436
04/1973,89613010,159707025,75748328,89495743,41345243,42020127,74515291,62359111,23256921,17879745
05/1973,105705336,131009595,67583369,70329320,38362907,46234267,92086085,30854382,37424195,20001159
06/1973,105531948,163419367,63276269,48082379,38952638,40744437,89366891,31619849,34510700,18122211
07/1973,106772527,165795748,61823024,43474711,41600378,71265686,56710856,26451888,35556060,16234063
08/1973,180654357,113856443,51434588,49586754,99105953,32069447,25633875,46947013,19424262,16658078
09/1973,194932922,109702167,64568532,50108524,80265908,31512100,26926614,41048524,16242129,15180887
10/1973,199131180,104946685,71563331,84583913,66957742,29601937,45221592,27226724,17195175,16493211
11/1973,106894605,170339789,97863760,67031945,64577149,45420230,41748742,33206107,15041519,14011951
12/1973,81458009,167112304,98452598,43450569,40878784,67221958,32072985,31084413,19347908,10023705
01/1974,71111082,170100940,92735657,52080982,40646634,59064503,51894305,38374774,17442752,9324289
02/1974,70922603,117754010,61995659,38541785,24368585,69701706,19186004,52327889,28281594,7519867
03/1974,101712960,151104779,86829447,44230068,62816449,68591775,35627339,27773720,36383411,10781622
04/1974,93510295,169637744,102511304,71965320,35424377,78481567,36684173,37053565,15871513,11317085
05/1974,100856785,146766836,100011952,38600742,68335907,60318317,30548982,26874436,43281281,12141300
06/1974,97288916,159876736,72239406,39784174,66829225,45696648,48195595,22840543,28510804,22783898
07/1974,74221392,175850097,67805529,37411888,40548975,74420288,45268313,19542701,34243127,20369314
08/1974,74081100,140281071,53424880,39199710,59017724,31890394,51392347,36001603,28003050,18766321
09/1974,96484706,113343576,52467233,57414556,31799255,27791288,54729179,22156040,25876493,15440001
10/1974,87568871,87934352,47643207,55162888,28654442,26577630,52394641,17403518,22408079,15085776
11/1974,84278056,118198638,46290706,52604483,40442160,49468214,34250832,34229390,23452813,15302358
12/1974,55718001,135347195,44433101,59395774,38712296,30245893,49903615,26073163,32720956,14524731
01/1975,43046222,126808526,53830873,61491563,36919886,35087053,51644958,32708263,26255080,12868626
02/1975,15936846,115259816,50164757,65438535,27097494,27947383,44671559,16973477,17614112,8420418
03/1975,29808580,143547889,84675081,89685688,40683251,24623724,55664752,34702413,24640980,11849676
04/1975,13309902,180126061,131677227,57541755,46642372,42050696,64388988,24273458,25631544,13296680
05/1975,11132357,126948118,151052326,109352027,41494950,60960937,41311082,30048299,31681027,20477571
06/1975,12878661,130179835,160610856,72913947,89936521,61358210,35197803,42345932,34382773,24215353
07/1975,13406075,143442566,151429329,76687453,59063780,83150951,59545919,42162426,43807930,24237492
08/1975,13501597,132224267,135883824,58268804,88714221,65972012,52742365,34150700,27533468,16679120
09/1975,20422439,137619528,131238210,51850732,89522770,69992882,60305643,27267853,26556273,15624195
10/1975,20383917,134613267,121092732,72354202,68425557,65427581,53384475,36627900,19833162,15216795
11/1975,12208999,138065176,142581760,68937662,70250214,69675410,42670235,40979584,28691302,17970490
12/1975,18974759,145975648,150079518,74253786,68750360,68011837,50604266,41822182,25369278,14644418
01/1976,13737413,141842844,148655105,77416478,97083045,48733964,49724222,40525348,26756863,12363675
02/1976,11743007,100084219,94380667,85946265,70533680,41636295,40778157,22615155,15294074,10191960
03/1976,55766081,102768525,132693845,114535293,82051135,65973545,55915510,33804789,19657134,15106062
04/1976,21226095,151741798,144363139,123632311,95553751,83935294,57595024,35328277,22525639,15740656
05/1976,43015904,169008325,100399642,100171629,81714743,88024325,50768910,60429211,32089421,23874625
06/1976,35782691,176184546,104535094,77003153,93875266,45798404,85146267,65485365,31088183,30451530
07/1976,51505142,164584121,106524732,85258047,90881134,75542087,74241558,62811026,38407400,28725224
08/1976,69817151,157046258,107637259,127943181,61603304,52697108,55869201,50962962,23723567,25945205
09/1976,97763080,151819489,114676513,127659676,60701442,66495151,40967673,52175310,26236692,19714876
10/1976,92012076,176572773,102435334,95632834,97431237,79259392,38816790,55333011,26239231,20735340
11/1976,78560487,155687807,134111687,85938861,89654699,64274595,46470636,38706766,33797879,18749692
12/1976,72296402,169986372,123579761,129976150,65104098,70385298,51262719,33138685,26958708,18801387
01/1977,77613295,164222902,145036115,107504971,113711688,67764395,53399467,34682237,30212780,19362279
02/1977,21829556,157024895,72709607,118879647,67023830,43126967,46201216,25636518,20752082,12122517
03/1977,36061733,163955114,91771076,108205300,101923962,52299478,72128234,47132612,29236147,16779822
04/1977,21256924,169179570,105274848,122040267,100851243,62791028,77473951,45365058,37168819,15793305
05/1977,33531637,122653741,96272474,138363665,89937838,88202561,57914667,56872082,42863035,26879112
06/1977,31189890,134539738,100088600,125680923,89215945,78925294,57903601,61249040,39680290,30560224
07/1977,32304266,145026412,113546447,78027247,129909956,96542944,55606402,41095959,60919041,34346168
08/1977,38336844,147576270,124963332,96028703,91236431,77982184,53646980,38862936,49227350,25315059
09/1977,47674069,149573742,126442827,104214232,91223430,68626984,60942561,42220504,45965838,21525824
10/1977,45149895,130869769,134917758,69098968,123015951,77375256,60700822,44488369,49889359,20808452
11/1977,25725347,140232471,106750363,115926877,115987687,64007805,39095380,47017246,37433834,20616258
12/1977,24244047,145312453,123370338,87931266,141684987,64990691,46768632,49941891,40752213,22209878
01/1978,25303796,164083906,113495460,121176221,102677279,68253473,52804243,49943157,36413783,23849927
02/1978,14986869,101957658,75762263,119427336,59781864,37250378,47754133,30631476,28385116,13638403
03/1978,29592036,115088335,78898841,92671154,108297368,52784421,58743108,42951835,53953809,21973137
04/1978,28090155,118085294,92373969,102321069,120549681,63881802,61686497,47491817,53192250,29608798
05/1978,23463681,119826774,104729502,79761706,125587280,77065138,94368610,51586632,58193591,38753070
06/1978,25134160,105210485,105723642,103160642,111760256,102854431,75400025,56402146,63558539,40680426
07/1978,24412017,97612173,100979606,96929604,87998317,125811164,81460760,54204619,66976615,42106870
08/1978,32765209,143584022,97382842,126955916,100276380,80406502,56937510,53327195,58753570,38773600
09/1978,51344786,149843888,95176006,82673456,133540816,100122941,61692631,61691788,49756190,56899967
10/1978,52121886,148692168,81315277,89139092,98725395,126441446,75577363,55291039,53469444,56572502
11/1978,30661531,115744723,112718992,84091020,75984871,94411829,85601962,47748862,45397104,39040097
12/1978,30137509,111647671,107811606,86503249,93226388,104210213,86681914,48123515,50484246,41874841
01/1979,28360230,75030958,156145840,94790635,130932953,82905011,71230595,51830031,46934467,40610118
02/1979,20636504,79235728,103929261,101919432,94958090,62316795,45450838,54499747,31538264,18956314
03/1979,37278199,89208668,112110837,114413070,121661536,63030397,72836742,47700289,68983998,21176814
04/1979,39723060,147116968,73531285,124657795,132732838,70364227,75171553,75078480,67467643,23036157
05/1979,24303342,141007996,98449920,105051685,78809633,114467023,76174522,69942454,59096554,52669912
06/1979,20311121,125762802,102280320,123190639,79851573,71322248,117070793,62800979,61470301,51843012
07/1979,19735842,128051432,94067274,91070381,125281329,79067578,118182899,72857698,57157506,62539888
08/1979,67079866,97552163,59252446,80772404,162185033,73153086,100448535,62168166,56289211,59662483
09/1979,69254384,108017199,72331834,103617653,165777544,70424746,113058868,69624358,67603896,64218148
10/1979,28501003,127531227,100371277,72938622,172133816,89065518,104051221,87353925,57069790,61728584
11/1979,42884764,101448143,80305154,98793579,82358839,107063707,82329733,92827338,61317511,65301490
12/1979,43453990,118493139,82651567,102769428,85825190,106896051,101757654,91712964,72351687,71657256
01/1980,47495237,122501670,88189144,105134712,107206839,124355402,104554708,60244527,87424987,56696801
02/1980,28615756,77120612,112155697,89446380,95484192,83612780,68613695,98737303,44737730,37192764
03/1980,48014214,87148832,109832454,125723282,81488966,153565091,63774471,128684736,64097204,47409440
04/1980,31153493,85066161,78287666,125063746,94265780,129493613,92884479,60833805,94754215,44856061
05/1980,22640328,99929501,85590626,97455441,90432344,105756360,116904720,78353674,78116098,90422697
06/1980,22130102,77279373,120656761,86237490,133191096,99882167,120817569,104857353,78385248,85554436
07/1980,20354064,91302193,141014631,103820923,101656190,145702754,85322077,76487893,95896819,83860355
08/1980,36986998,71418907,151272456,90286957,120957622,179774729,97310323,99395527,78982151,51700394
09/1980,39944712,71474780,159457553,106115726,115976686,131302148,146038718,104163226,93208766,54118968
10/1980,38963552,61368381,163600408,115743883,123930670,135587403,155859960,104409196,104023991,52645123
11/1980,40005400,69785594,113355446,140672777,160635691,104322189,104577034,165845434,87117983,66608046
12/1980,41158247,88454732,123124908,154020384,165332338,132561810,120677853,159384123,117663844,72252436
01/1981,40981152,95104815,126739016,190555314,117003860,145563202,101177964,155726231,106504958,74349136
02/1981,19635455,83446714,96664988,78954973,101444461,125912223,116014958,110971921,58324378,34406773
03/1981,54348060,147191983,98602282,134358828,143279246,191419192,73408970,127700247,74156761,42245818
04/1981,55263496,134193803,128666429,136550034,149079749,183794980,167584424,94570495,70963890,45319224
05/1981,34774132,105842153,182669931,119135008,166278747,102663173,162912105,126900063,74690044,62184117
06/1981,34636284,123881022,137641919,163506229,146110743,92584775,145149883,143097266,108414178,59741974
07/1981,31631385,106871530,131254425,155332362,141410280,103964863,87291173,178943225,132918458,72145808
08/1981,26725143,83570161,131932129,150968366,115174514,137360989,161135282,113760391,104956157,87430698
09/1981,31208104,80589113,116559727,152532633,113501941,113095293,163021119,105261373,89750699,108796958
10/1981,25318106,80116287,95124078,153838842,91066132,107323036,130394394,134499698,90444602,94647018
11/1981,36316706,84765935,105609734,127560501,115985902,104607413,182804003,142706644,61172779,71981654
12/1981,37473045,88000134,138884645,112139886,122729465,144455077,206815310,108934969,77281087,62742257
01/1982,37994491,80803015,153665319,105124311,115510227,128770413,223824167,88915805,68700298,66683744
02/1982,12241468,48833462,63368393,82470997,92282738,72538147,202481506,64929567,71103866,40305667
03/1982,18372561,84873348,81336214,112734485,94808711,154804081,179118087,86248175,80464980,58298606
04/1982,20475274,71141286,96006253,102135842,102131356,159391149,172725372,96355563,87507683,59118328
05/1982,25705076,42834705,107450846,153190424,117585216,162677610,169702575,80307973,86635782,61544741
06/1982,21907044,39022527,89808936,122716465,147086070,125445239,126412978,170462476,85142583,56867697
07/1982,21007556,42619983,97158197,96461353,165583994,110193400,168798157,103228569,96901447,55440678
08/1982,17904491,44999744,66127825,112175264,92756752,151884181,110468622,150338803,89201233,56366849
09/1982,21519608,52010009,71330333,147517783,105028409,180376402,173490631,143467712,89488187,66090852
10/1982,21476782,48524196,83650165,133960219,121043403,182249310,131421646,174492619,101900799,69392670
11/1982,29262704,55144710,108567777,139288741,164694870,115113465,115303109,229857990,117397145,90111478
12/1982,30451177,61080544,121746327,159679984,180109122,147115532,123318656,216715964,133743851,90536105
01/1983,32642318,74167839,119530050,146582275,203653315,132376629,129237823,223580013,137753269,85624763
02/1983,21738836,45028402,76692653,103264869,100061832,136294735,141694750,179944412,122452092,76514096
03/1983,42831872,70867189,152183437,117246477,134383569,145101017,184829864,178618292,185375519,113397926
04/1983,40985817,72060253,154458620,113154195,157585856,179705910,195647082,149456184,180021132,122737631
05/1983,45510802,66975776,141874891,129549308,225986963,188852288,287421645,171729267,148582058,104904761
06/1983,47928187,91579201,144096903,157439864,213289606,179581552,214877016,254883642,163905785,99779593
07/1983,50343393,92891976,146938756,165540342,231363996,180930393,230198778,238334587,189965091,101358047
08/1983,54603922,93739086,131595707,147415009,140090414,258594075,159565761,214141052,185640337,123250186
09/1983,57298646,89962343,147090724,127043687,165430992,252527346,159067284,236192275,208373374,133735165
10/1983,55444393,89816486,151915984,150309641,164894976,255625359,158650133,181467944,251548097,145536958
11/1983,45584150,94690865,110064614,151706139,216791188,182376553,194411911,210179686,206704007,123595719
12/1983,51182222,106830061,122931734,152856156,228740349,210827568,204871429,230200791,186130549,119375109
01/1984,53147500,111839980,111969199,142887945,222979722,209698554,218745255,217978370,188947558,116692368
02/1984,41827127,76243051,160140072,104683730,118348958,194317905,144771482,135627242,141495423,109164392
03/1984,69529869,117031988,118205201,109799213,146329099,139987084,207120593,147364846,186681654,155647202
04/1984,64134955,113463441,135950362,123121284,163131899,145269564,217502816,152067659,203544042,150899950
05/1984,51509175,105907870,127258511,205473983,191245895,143706645,153914868,161793347,181773968,138500448
06/1984,48623444,81411578,156638484,221890140,173055946,139218034,177353366,203905017,132267354,115883856
07/1984,43703337,89449591,126666773,254155085,182284329,132032189,175241835,200516115,134462160,119297116
08/1984,43433180,100941100,122424633,132775802,247706890,158868395,164982883,190195339,119125672,110545174
09/1984,51109385,107202728,129946618,166383197,292497830,142956003,189060578,228324943,147329556,124261743
10/1984,49045127,113462280,112584454,174876227,280800729,139481393,194502066,198326856,172820635,130474380
11/1984,41651753,85071913,139193000,177221853,279789021,152856454,180707577,215841262,135600222,111996010
12/1984,40640380,88902274,120213581,185752008,266276054,178980116,163336681,211029886,153639215,124038299
01/1985,43861981,81146529,125382537,191838250,255773679,201067146,159661779,219796513,161313330,121135470
02/1985,46319411,75584629,108249568,129069108,148576813,145293682,237027169,143933841,178667542,83123425
03/1985,74038280,116386734,156022640,141823617,171282113,170631280,268304480,205964187,191647569,143095527
04/1985,74475223,115286547,144858896,193143863,164139357,182589456,229241708,249559031,191791996,150970243
05/1985,62098984,100680359,222388555,112432180,263855874,135682603,169941928,230449043,257699987,126162392
06/1985,52527565,89872822,155490504,235882411,276199644,155236136,186765757,247326284,272850650,108996000
07/1985,55408040,87008390,166339091,259140652,224829955,185287645,172993548,234657371,279040520,120388210
08/1985,66806795,90728349,123370079,193503069,303108707,211247070,206733973,210664706,159309892,155223153
09/1985,65284826,100910310,140628738,192794418,331001825,207767649,161284273,169871330,223344897,162887163
10/1985,58937187,93064487,147176776,155930108,347782622,181652462,144188729,182126224,215448356,142705027
11/1985,51378929,100894107,145546036,155423442,253233125,252765426,209947938,169394443,200520368,137133845
12/1985,59082144,101206248,148886269,181731696,289448166,281976274,217626246,212606602,197671757,141234609
01/1986,62409225,99261122,147446389,189351202,325924553,300369455,217655135,227041629,194449909,150792300
02/1986,76923814,53765292,101023906,142736375,185816128,156056159,185054978,181494692,274323518,141414713
03/1986,122921951,96197698,141107269,233791966,186683599,188189655,237875197,217032696,285855219,253660141
04/1986,118130460,103812980,137538844,263317525,227313388,234250883,258391024,310170696,247261496,258667056
05/1986,58576295,106513927,157546690,299537470,255411394,243318138,260358636,265707019,278351243,191944543
06/1986,59023092,120343720,176831820,345943385,225625791,264830396,238453720,322698364,283029211,201511187
07/1986,60323949,127719030,172724134,351490473,215784424,277623052,263931997,324222495,266582824,201796907
08/1986,58780348,122509855,142909099,231696780,358239842,275397303,165257997,292521290,306812637,151666244
09/1986,75267295,126667540,171224292,262936085,369617165,285823315,193238064,309696892,300803525,222798362
10/1986,68373950,118277843,153833699,255961424,281064832,305637651,177353000,264171512,281089720,208617195
11/1986,65143068,120703305,182062483,351347680,241855013,276495197,291474087,252442646,213874104,153900351
12/1986,49112329,139003717,198464528,368531413,254399310,248502701,377252844,243651597,203319009,155601588
01/1987,52046898,117904632,178546515,331306644,228731797,291023906,353274916,255119452,205161677,166858635
02/1987,88454755,97685221,182106035,157495874,210133953,279093391,328424618,189994177,229645775,104669224
03/1987,121638060,142656401,278461336,234774897,333415639,281549325,363862155,248049497,271594155,161126832
04/1987,127360603,135533630,283169423,274423052,318675581,382438034,359278680,260005681,290241169,176323194
05/1987,67354936,169315251,249284473,396505194,311958086,345944979,385180354,222652688,267808082,142978240
06/1987,80130869,174005084,414648681,291747366,298507095,340589924,320701551,311262894,231985819,127093347
07/1987,83808595,174541147,447681479,322616061,288714455,345849948,373559170,260384214,258956019,130491368
08/1987,106698813,148321409,246691886,443631809,367522833,271017518,407072723,321787881,253572032,162095229
09/1987,122986151,143691798,297248769,458869971,354034091,376689038,366448518,338356524,266721872,180267254
10/1987,120563631,147022708,281118506,425580942,395552907,372824113,390919053,301715033,247721157,157952036
11/1987,44536050,81079375,262353839,296989809,283947272,270222007,271198431,262293413,194073292,126378085
12/1987,44402122,88983008,216003665,320761182,270569762,258842468,240572939,266562890,165167820,124287615
01/1988,43520535,91053218,219583417,282223530,318937237,325771005,282866853,248824942,206750621,123250893
02/1988,33807420,88560049,210114322,243453526,161975238,279933689,241691586,214320304,115839362,75725317
03/1988,72718002,148493327,276274647,302065301,206814259,307682441,320229874,224832531,214798914,123768540
04/1988,67859468,141503701,275818768,304498613,272607888,277399247,308513291,285128208,192242792,167141169
05/1988,50043720,101540113,225305004,396591424,280013534,348181033,255095423,282785353,203392186,139687601
06/1988,44847662,103099648,229597785,318891515,319144569,311591853,325210981,318398422,190705784,127574477
07/1988,45724566,114602022,232882178,319184319,291421481,299367738,412950382,295350496,204819245,141289475
08/1988,50874554,110769284,264389912,225926048,327151368,296809498,269160430,300109736,199921400,168734416
09/1988,60264666,106919900,299711819,219556104,360794897,259348129,306785704,280388865,214710529,161245942
10/1988,62012220,108009627,289431922,226428946,306852491,363345703,248768839,312544916,251931147,182062844
11/1988,63007005,94432782,184660709,329646835,258061379,394060462,320151038,331201139,204890677,148417839
12/1988,55487557,106973953,158650319,275552681,391224609,362271456,284411185,351482815,192835250,156295697
01/1989,58567362,99488254,174535476,274137630,328313655,421472587,301841042,334098626,192573468,142919808
02/1989,76439381,81751827,179077999,266441672,238481462,286606149,324402304,236726156,151509809,99751762
03/1989,106310840,136403790,286961275,256252252,257311812,376638440,317064451,242277049,225133373,110972234
04/1989,104324266,139188045,225685999,320282783,311151460,333179764,398152490,250329477,246745519,149918792
05/1989,55970962,128961446,253415174,300711856,445165757,453746811,276002801,219825737,197073720,207224064
06/1989,57159860,130410985,212568478,392912859,380250323,464031969,337635222,242083668,248567811,224672874
07/1989,52619167,135640558,219976831,404083108,353875697,484602058,299759850,230356972,233600802,221910113
08/1989,46833724,178341102,235782705,307288707,404098670,505607326,296134757,313298772,210469915,240191339
09/1989,52554525,195194260,235572959,322843682,365481830,584151183,311799683,313432167,236754300,277747348
10/1989,58474068,215888523,221767953,308420552,350815174,550819282,359221724,334825757,222062806,273041515
11/1989,79526922,129445974,223069114,391806392,367527412,479438840,364835754,241033678,296064645,157281327
12/1989,82031460,139037156,214709487,462744076,352276485,459668962,431393858,265806596,254582052,163702023
01/1990,70967400,138840600,233800476,446748866,401730003,514205275,365642620,270595508,251850280,172468545
02/1990,81248640,134662094,251160148,341224093,255693602,318161798,226246706,249814871,119385901,96561675
03/1990,116137145,193902848,386725557,294920285,321595648,400806666,339466316,221182575,178831805,118734429
04/1990,107769123,206789725,294210750,421783447,384591657,399548480,384442747,216940456,190669785,128383926
05/1990,65266674,151936165,201020225,349890456,522114968,428667700,410282027,217613295,169591961,107054563
06/1990,71271647,150845699,265939278,342961554,484611653,465067061,561946356,262994775,197253517,101693346
07/1990,75303035,147726428,252533583,368345555,508837963,502765009,431247066,301290339,188262046,98275843
08/1990,64567771,134254436,228788931,310973878,431856847,534273352,427533582,271535032,234736719,127433687
09/1990,67512754,130470117,244022188,355380726,365762973,454728049,331484900,300100777,201638908,126699573
10/1990,68996064,117982284,231243663,334593176,313806877,440929435,336542629,286585615,184289082,119576955
11/1990,48974365,118897191,207421278,284880492,430252098,437600575,326575160,164764945,174190815,111134904
12/1990,69128200,123402807,235469786,399828906,408006706,469338967,352651930,148937899,215102932,122312126
01/1991,70271629,112748956,246508236,471243832,451587045,524118850,230415129,167923009,216640447,115300643
02/1991,84265277,82041457,175647991,362258146,320867383,339818430,384956435,185165666,229468121,65474511
03/1991,113632348,121177780,217806800,531448525,362847418,391955519,401538301,322071953,289534542,99259521
04/1991,100868510,135818092,197260792,487192097,500286722,420036392,501997148,286017800,279503764,121587082
05/1991,67503403,174630267,262077374,288011677,474784211,639998370,435129617,261908694,304334919,119858992
06/1991,69885373,172772741,182006150,457594570,440496009,632867800,497638621,297085967,297358996,122889864
07/1991,66735902,169454862,250909588,375118585,411154827,524633544,541772020,303737506,278403070,110279626
08/1991,52304249,259135339,250357932,267350372,549128909,514129807,494581404,345911213,200702133,149526966
09/1991,57224091,188306960,331468036,332852823,510379656,524713673,498079961,395251534,257429934,150473119
10/1991,55754498,179725795,338842372,283028295,502275778,538315952,497876603,385863665,289986256,148375092
11/1991,175401056,160045513,315153700,431535456,493435826,519381593,415971608,308766927,202186633,196975023
12/1991,138972757,186465513,333276738,491916607,429682798,537139551,363431003,291038734,221122093,159695737
01/1992,104174550,252094878,363079988,493099919,557058739,594772083,407879413,315338631,248766091,167006983
02/1992,78638803,282451715,321290224,403225077,434077706,388255695,292623830,326426890,192553744,82376762
03/1992,191298704,380556567,332454404,488159514,476028918,438621440,360143097,387707279,239492092,144530677
04/1992,151806500,368865046,384143401,572697191,409010373,441510649,362943987,409221387,254294142,151830823
05/1992,70518027,212693192,303529252,520324734,398049248,662681866,508886223,435167542,242533983,171711202
06/1992,67264121,207342799,355642180,459391895,349867906,687754431,436298585,551871760,295101902,134986039
07/1992,66039797,211478153,344800459,440039146,373455760,619556213,519061910,466060875,288263070,153679617
08/1992,100806349,169683523,352252536,528700350,554795729,378187951,588128534,314160180,329319107,125684498
09/1992,138227231,171688980,389314063,626775427,473582970,499032336,445682940,368382957,255308424,142884906
10/1992,135711429,172931125,393537021,644473497,470336721,560157698,450450168,367248046,243429396,146933963
11/1992,172715211,198717273,347237028,519708172,413455316,644489889,497216264,253618461,292066545,198526699
12/1992,195599007,220022989,425864912,516171050,536839604,650953660,455607615,285235362,292590259,201789720
01/1993,200559838,211812804,388339262,597214026,595085214,618085862,441213510,315438921,304316525,193283761
02/1993,104199507,238875777,373045196,369514572,317979931,357876435,541399964,337957682,252364200,158460596
03/1993,255770850,264186678,370806896,435544426,406377778,488195081,645372611,378042184,303931134,205450387
04/1993,205680530,342524398,381744269,414390253,499847234,540490041,643200534,434594137,303811090,225567248
05/1993,99055731,270804697,399665761,411895600,471282635,784646476,520014716,398118315,341034833,233966055
06/1993,82373823,280107355,562807626,366556667,478412340,782844157,509668448,448246669,346376727,217682740
07/1993,89888276,281962891,526528680,370700729,472386152,793188683,527191481,434527766,377782446,227792856
08/1993,112392887,258806399,434066509,411115721,554124764,550074630,499081940,452976832,351576040,270971827
09/1993,169831046,296748067,467625983,513811787,503353534,595650093,462478264,485908830,367783095,339054694
10/1993,164676407,301145181,520363228,403997699,527331339,597713983,520416656,484801663,408819254,305059434
11/1993,173854725,441214365,435840695,430237824,408526706,698913838,385899381,578547488,348156197,273932384
12/1993,165084703,455591936,382448915,497354321,468097554,599090051,534129571,551821432,316311042,253487659
01/1994,177303004,459747198,387323488,556000232,442589131,570148950,538343834,581528658,358947569,267522079
02/1994,125094754,320523425,361012069,584455031,383505397,321062255,647617012,336177773,268956163,251023546
03/1994,243007694,350999869,482689060,522917418,539217748,441687785,638700915,389601176,412396976,265117271
04/1994,193881640,392649710,447060189,437776260,578687000,489581756,600883313,501385814,366014023,253351170
05/1994,136056693,255181457,365725593,485540732,573077034,721783894,469195467,537514022,435281345,273829912
06/1994,128959333,281007996,396471038,544348174,501449680,641553338,587618336,527422876,410648341,316728389
07/1994,127538171,284312144,366527964,567446827,414881493,632689894,563360085,497219422,398308401,335106931
08/1994,140395449,342096968,410141413,505348316,488166127,498477948,605201829,427455490,367858667,326947484
09/1994,164776754,374798834,499750817,515062354,598388049,717109510,467339514,405552497,441536056,313345439
10/1994,159350692,357257327,480069359,567620892,533170052,549907098,660283933,360478388,396990085,341904910
11/1994,130635366,339851074,545316868,591373925,674332390,531510911,491847021,428373915,389156607,276208243
12/1994,128785327,324564822,586707752,525863821,633768600,633480275,449234987,417115165,328683789,264731252
01/1995,127026850,322684556,645058500,498843123,625609786,594392239,496920562,444318489,352171942,256008268
02/1995,126491985,285749818,508838708,403341124,487451784,405088360,513384958,464419872,287618906,217128519
03/1995,200197918,468687879,440254282,496022623,662260357,470032153,659337055,415910056,348482460,316126892
04/1995,193221680,443932230,547264570,541214182,604215063,603582610,642812201,545406470,359339958,282038861
05/1995,155327836,369223264,538862336,586668392,767676675,560427814,543769805,471433382,488629380,315055688
06/1995,129187010,360245002,611655514,583775396,785283222,560472721,560386610,587641568,491183121,341867110
07/1995,136832725,404111415,585453914,576657562,896224893,603822317,507386597,663899337,396596563,380920178
08/1995,184523194,409459678,647474554,650690493,723279666,805596440,460243037,475351003,476249196,361297487
09/1995,225575430,505114361,703270866,633850381,680334914,895283192,545623603,444602230,424659577,389600095
10/1995,202550336,562057392,736736854,633956078,756170861,847713703,487694033,569567032,462103270,406949749
11/1995,254100515,513772775,714496879,691889559,552097911,953931738,580975474,488203304,424128132,334010622
12/1995,271904409,506867842,813250079,590089228,704713125,1027353185,624073599,523786397,449355540,340431083
01/1996,275819061,499610561,918944656,674187509,856187622,723311406,796509724,391306407,472032293,313780608
02/1996,282097266,556049291,822955556,738737817,570150256,794455451,471186882,374653176,443782981,247245802
03/1996,322461391,759078136,820754894,772963002,703457326,1000639206,536827886,474137149,445503249,243332630
04/1996,260561349,847480691,832002951,771397526,789840082,843679423,703572441,522686755,438592961,290322692
05/1996,218500813,586907628,891450262,1029072710,807105697,673669922,988122990,614566014,385982053,247158152
06/1996,276616301,605555511,846404465,1195866852,863033794,743600512,811775426,754187291,381138704,237998068
07/1996,263046294,637667407,884321909,991515677,829832322,899191724,768946840,593038110,530511833,273113661
08/1996,260573460,525347433,917643389,757186296,838078467,744100306,563882383,580299507,644188513,337572905
09/1996,272589842,598793000,1014454040,835072603,798410437,838740483,600757355,605742498,637677874,326126407
10/1996,313754745,705806642,1132867912,785232322,992505770,762363647,609306213,596175388,677836364,368794970
11/1996,293553802,626092342,985378353,1163643542,912761941,712665945,827051747,571488554,533125906,227920848
12/1996,301624917,765498835,1005189656,1286354236,951940612,807496913,806969423,727927422,542096456,244470695
01/1997,262522640,711185265,1136999615,1205886139,919001099,974351596,661363094,687818667,490078433,244924778
02/1997,248474641,662149426,900923073,1016093945,715122645,612593571,842555204,793834648,491341294,240448196
03/1997,423499409,839059219,1158077854,1132084174,725194482,918001976,864153278,809350620,392675131,268299048
04/1997,426772107,819749483,904920735,1200663150,663410674,1128683308,593282034,944035838,514883155,246193642
05/1997,317310775,782832895,1403025378,883187543,1050487053,1062603493,716424991,606281675,439513452,377017854
06/1997,336108101,728869496,1522753968,1148226044,970991937,1025496063,1001760904,628856497,563562377,362897100
07/1997,365807903,902751426,1547483118,1126654058,1104544699,1104060476,919033483,588686476,551857476,382462843
08/1997,628363640,1438961955,1468127974,1509623298,1071003998,780919000,741094832,592177293,464567874,397154912
09/1997,563476513,1321900800,1292716437,1365775508,1296398221,858484652,763082414,484015733,521962906,420249697
10/1997,613106445,1464040882,1612063155,1082498040,1322140999,861153995,815456664,628098128,575325952,479795637
11/1997,666179393,1260897988,1643247389,1392797324,995171278,763224612,735322878,670097251,488437639,317208363
12/1997,501992365,1154852335,1741662454,1653609468,1112265259,829721191,839300705,644012798,671230331,313683974
01/1998,558309934,995432879,1863988787,1442776018,1313031747,1061830374,852506090,592140725,611669923,325645547
02/1998,400339867,602060014,1656153865,1252547034,1323602634,980794601,838108156,619872068,293760528,349918852
03/1998,618056982,775133669,1968253611,1641472878,1411235402,1123679156,923590583,779718319,399098730,468660178
04/1998,477734584,1045573236,1998045629,1826107778,1545859125,1229011352,1057981873,818340880,492315648,536212374
05/1998,458357078,1522394877,1890772533,1805727092,1562708855,1080178208,879335029,622563171,711973683,499707265
06/1998,459548829,965065685,2353615495,1840865834,1285976889,1218202966,914991071,628568745,642832227,541850854
07/1998,465424601,1136479908,2324858280,1952747022,1556166255,1179902590,759534620,592423976,764811760,495622087
08/1998,549623204,1171065440,2366366809,2078646099,1122687253,1005349335,718893963,629859602,525709505,612624409
09/1998,437227903,908296263,2154669507,1854515130,929630988,930325821,547750168,641734845,421580730,470870781
10/1998,461719429,911240582,2580837721,1994315483,940540664,1061387025,543597364,538909503,465720735,436549994
11/1998,379775775,981517652,2691707057,1772639169,1369899522,922788727,759954659,811745650,334585155,259023696
12/1998,451397284,1094422794,2946540815,2035455028,1464989626,1112424321,988988513,577726038,314137819,248444581
01/1999,457486554,1218110019,3106347877,2366238469,1388139937,1272734813,1040982105,416237381,358900505,224761839
02/1999,272296307,852993128,2600926225,2574650796,1759042370,902480204,894213208,402123557,263986769,269996021
03/1999,290898120,1532674201,3166170827,2076357164,1797674810,1029350354,712670595,410429447,283619761,292054498
04/1999,299437092,1132011036,3694822714,2565857578,1721061183,1045078114,847924547,557350387,293528683,277690838
05/1999,314651392,1697337645,3840820012,2467360719,1201635200,961712961,840403696,892614135,439200871,276357791
06/1999,324515195,1204411043,4368939792,2390939503,1218622491,900243780,946471375,726517730,453172858,211250282
07/1999,304778056,1495502503,4442761119,2577650779,1176630709,1185403007,987497849,426781105,523928502,214003102
08/1999,403057142,1984149265,4129915502,1940013337,1439976611,934909090,710200893,524463405,354131151,190640165
09/1999,527856159,2806166590,3419838335,2024500981,1150859255,933467836,732017616,634800488,333770399,254727496
10/1999,543156806,2755034212,3673059581,1755242988,1007033321,831882246,890550692,457183840,385385002,250713054
11/1999,559236356,1902105350,4419338116,2490419553,896550398,812622178,957022148,451734421,453795444,212521516
12/1999,552615674,2411552954,4962906151,2073295844,999435116,915407034,912959819,519024440,333409742,174940519
01/2000,637746731,3157277288,5245247422,2536069589,836988570,994974025,548004449,636529761,389408044,152803059
02/2000,452675061,2855424131,4379172571,1974854954,733202122,809464585,526813348,468321660,249999222,134859931
03/2000,556454113,4717875880,4199820945,2109163470,728234839,939132372,544910511,432124747,327122724,212523620
04/2000,390436934,4371979722,5007671359,2468747601,1142250312,920306881,780764428,469488671,383259349,269376799
05/2000,500842770,3759743338,4845185079,2008094672,1002397901,1086731663,476015569,696989903,508426120,206762711
06/2000,506464101,3892735310,3575865279,2544270407,1144379795,950506126,759826903,751360433,526746025,219202917
07/2000,588305542,4350801711,4020857440,2291848127,1298085415,951169556,767281582,651382280,444660953,182666702
08/2000,793887680,3645944860,3980318084,2456232884,1405274721,583973811,795231059,576122227,370538235,169004243
09/2000,840187498,3847546834,4638723397,2651566620,1453082236,846519990,941055953,652942829,313003071,289230764
10/2000,660877654,4229338204,4014031639,2409656467,1637589640,779353251,558605738,650798776,475864856,317739936
11/2000,442664130,3025813240,4199297284,2396090779,1718371851,897384890,1033180544,565709420,539071082,202129758
12/2000,306350468,2578612939,3530990406,2426453626,1799465712,747210027,1053587379,599020392,491724565,180215275
01/2001,344038501,2589416465,3529642504,2338500401,1925042425,1006166708,845184391,688450292,452998196,178375279
02/2001,372155291,1569329627,4185520465,1894912737,1459340796,1475445374,458524607,578185535,309524830,202807914
03/2001,603525295,1453339209,3141094964,2617128616,1488679313,1306900161,676568710,741137653,315792045,208475857
04/2001,304943597,1187667357,2183737963,2763463391,2130244302,1007404250,1201266763,677438743,400635809,213220673
05/2001,348776889,1527976559,2029008424,3316055963,2295701935,816453092,1164461667,835440156,330994368,328053748
06/2001,359259311,1632340238,1750506232,2879519421,2469673200,1364876694,1205883351,928301978,369501869,346609897
07/2001,418250802,1654817078,1863770888,2663975330,2152073979,1652148015,1252275782,765967671,364433588,319317067
08/2001,386391009,1752517179,1923425852,2542827864,1824923603,1577272035,976736711,723229924,462745646,211192490
09/2001,384626691,1490318659,1934910362,2517630000,1648083116,1690406229,930683711,730570399,416914446,284672091
10/2001,276374278,1191291909,1732427799,2249449742,1523991233,1385111621,1159448521,768308021,351304770,349804268
11/2001,319312721,792680504,2132811356,1730171808,2187234165,1691888509,906266326,482462278,577069159,283805111
12/2001,408181541,908271962,2174988776,1734513583,2688674054,1451138390,1265136421,644338608,520243997,375887395
01/2002,502426135,1024296110,2018586045,2323653402,2632994963,1255850483,1088192177,691129464,529740850,284762880
02/2002,301536808,1190259011,1154550057,1284493777,2526360694,1583405955,1169205950,695592747,596972897,257526865
03/2002,308751046,1193629850,961170722,1601333632,2615336526,2035165276,1102742622,778239976,679841189,353571770
04/2002,346824177,1244853235,1118937467,1539247674,2583434586,2228517523,1379852484,822605625,787478740,368639766
05/2002,327981341,618881501,1638279500,2600450528,2222534046,958285906,1209608906,871589147,835611974,326162538
06/2002,326230966,855190940,1657403363,2159526511,2395083638,970333156,1114621042,905217273,900464827,306356915
07/2002,310668599,753126315,1345458065,1954039589,2417670093,868645785,1174448320,912397367,771622531,279878377
08/2002,411353983,665866984,1583089636,1778594567,947312740,860375769,1127034458,1023843830,859323582,244092829
09/2002,449508281,511030518,1506311672,2043017787,1324900353,1155683689,1012838338,1010902058,733270689,243966749
10/2002,390689359,432153001,1243502417,1808184417,1361128418,897319861,889368757,1070511968,443467538,436283386
11/2002,398306264,626486761,953637175,2196391048,1894414541,1033210085,743228274,781742114,418435717,460015174
12/2002,399543323,716277118,1800699806,2313195858,1590327688,940042092,644168811,909381678,418844623,463555678
01/2003,367248071,641711482,1483118598,1925277063,1358611997,1298303119,719398491,885249319,427588313,464317968
02/2003,234619171,449702974,783964944,1689350980,1305715938,1305286873,792844677,656321260,390754815,285035959
03/2003,316786622,742421739,1173300033,1727479467,1547935428,1144752531,765384282,618593563,593729672,267945747
04/2003,307995295,791967067,906878391,2051432323,1424425186,1464587382,707646308,878405005,477522658,289373695
05/2003,305052406,412639650,929069111,1812090295,1806728806,1340489897,931425034,979666495,676028714,372336380
06/2003,319208709,529317790,1059887979,2177727923,1827536267,1075242566,1145192228,985744458,1155917132,357302463
07/2003,344123056,523521608,1084060989,2310999488,1730197425,1070304868,1128079295,1124258229,1032965318,447277192
08/2003,583415528,835289400,2008194786,1287429590,1919845129,969070090,1166191899,1070288507,734544085,321241827
09/2003,586579984,948636627,1955542562,1347004117,1564683819,1318691996,1168320775,1181843111,937005656,261014203
10/2003,600610920,982851894,1956955219,1238742672,1534398997,1215391899,1200798451,1328184933,849711877,278818042
11/2003,440167238,873649939,1724917446,1826720008,1390930804,1715189872,1133427969,1231422151,799939751,469877027
12/2003,387069151,991266704,1791573132,1994429163,1139573051,2055523469,1202932245,1182932147,857549879,438028362
01/2004,424222435,1060654844,1999353889,2007870771,1331856343,1940100909,933568613,1394260073,952568805,459113653
02/2004,405947977,1170208847,1737823087,1276190591,1118055818,1332222383,1178404850,1059419078,1064874859,386441723
03/2004,463841734,1132842429,2130275553,1933062418,1128536281,1505670953,1235425904,1271943007,1242065542,525908823
04/2004,540894662,1127367715,2041911746,1516552289,1640440209,1598609330,1002681379,1554245001,1292605103,526709120
05/2004,425264881,963446401,1672649030,2225526308,1548937479,1105640705,1269694556,1960358291,922840498,518180134
06/2004,395645886,1004696100,1512677256,2768974956,1516767944,1163911703,1090340256,1646498978,1149081072,562161979
07/2004,448376023,1062816276,1544963871,2467934177,1743798353,1153418174,1078179293,1602579485,1290273554,603010235
08/2004,613406503,1136098693,2016616895,2272980347,971216432,1036336952,1264224941,1507077048,537459770,755913967
09/2004,645096714,1152159955,2032875481,2301486769,1082883885,1201188209,1211293469,1456432942,668073669,768682486
10/2004,646757514,1177015215,1740016442,2158264246,1474482933,1190212395,1217318937,1506009725,745818266,799767270
11/2004,419365544,961027774,1814728955,1965997288,1349582555,1473717169,1508406837,1202847612,1029684801,543254359
12/2004,487607918,1078795801,1709233171,2422020747,1661845526,1592285815,1480365567,1436206440,876990560,555056499
01/2005,523435947,1148358034,1913391531,2139723471,1319235387,1906308347,1664564320,1387470732,1200637611,566130024
02/2005,449076367,663489278,1787303884,1707414795,1002999107,1195663031,1285982850,1300866955,1137454712,558840856
03/2005,605484032,1378311128,1687629113,1572038055,1452204408,1456018782,1750433642,1402529654,1170886389,632368598
04/2005,666473864,1026796202,1932665093,1420010425,1607174409,1665128092,1998552512,1328621241,1236597730,657289951
05/2005,429958962,1069067051,1644860329,1705270462,1669675156,1251828654,1429727207,1571827227,1503035145,689994929
06/2005,410934443,1138248765,1211685992,2091993051,1797685903,1262725679,1527461505,2200006102,1060382627,836582018
07/2005,394020136,1266250113,1065275575,2267982158,1892891002,1230360701,1297014252,1971741709,1556033238,788469201
08/2005,512018262,1050905294,1322705977,1738155550,2329337434,1739303723,1387472551,1564151421,1213282224,825304234
09/2005,627065382,1227918180,1813966916,1510472263,2153432027,1628852887,1175735618,1932063078,1260068482,750561535
10/2005,624456965,1175599395,1481483579,1894305873,1639129842,1754565568,1310141522,2062977492,1326237803,869804140
11/2005,567680960,837645049,1633709562,1440049849,2236545092,1286087474,1056320117,1715340937,1535309103,1067531194
12/2005,536558449,1263497877,1725756081,1858056578,2229136741,1374754278,1116529095,1649543866,1828325118,825621052
01/2006,533778508,1247788606,1505357197,1729345216,2459294221,1401727852,976626866,1789661394,1830449896,740952880
02/2006,359013097,999806123,1121058161,1555189336,2137348294,1150301018,1509622963,1592400189,1395128765,834052395
03/2006,535660970,1433725149,1424015381,1384147680,1983947552,1958206633,1585922389,1484625346,1243109189,898268489
04/2006,585797105,1601658385,1469366510,1423526011,2138772894,2302741986,1612871774,1561550875,1171117105,1083786836
05/2006,579585131,1403324865,1254334709,1579367068,1979927996,1537574484,1336567733,1916320646,1811369973,1109992812
06/2006,577866607,1183128292,1239790768,1145632582,2480084450,1730563916,1566630222,1690017275,1973730325,1050740873
07/2006,568707901,1172417068,1269054049,1376199443,2000064176,1862674180,1331993101,1731782594,2322326222,1022208805
08/2006,614946548,1141449556,1154324769,1330254869,1818866934,1534107962,1966506531,1747677977,1798373497,924353975
09/2006,662373304,1260575988,1265424693,1487961819,2263327064,1470640563,1857519569,1746450258,1709957275,975028822
10/2006,678389265,1281947520,1440498998,1466156539,2315377704,1510427914,1890037663,1597354382,1818213480,943750064
11/2006,592920163,967621495,1529295888,1365502276,2392345977,2220844071,1749434560,1664445830,1608991704,1051270873
12/2006,624096960,1077353562,1766718000,1714450392,2741985756,1500433623,1790118414,1781036520,1546784456,1145254849
01/2007,630483656,1103379034,1739850990,1597710254,2981032166,1318428224,1979044645,1623952268,1693610651,1129455231
02/2007,503437607,696099638,1796722430,1584826336,1473124482,1696776559,1705907622,1361614014,1633051263,765603821
03/2007,635003512,1343750228,1623511515,1813555272,1537157276,1682276510,1216069892,1675746557,2426333287,982192891
04/2007,663158041,1256869802,1647402725,1806534148,1710992949,1798962340,1499990589,2281753753,2453751327,862072320
05/2007,594446790,991748519,1092715023,1614233711,2130171815,2261639657,1319495112,2428558408,2176065610,1402011798
06/2007,647252558,1092919530,920666191,1381301527,1832931919,2632642346,2063785105,2477264973,2345698569,1703888592
07/2007,694371340,1063700912,875100056,1683413073,1997257638,2149923029,2190217499,2346661168,2206854635,1625784128
08/2007,702825082,1126297747,1285399453,1844386779,1868792856,2378815542,2049430313,1182383337,1943444512,1481978522
09/2007,609032623,1301157347,1558578366,1626679734,2060446368,2337067788,1935960493,1340896919,2156273453,1411794856
10/2007,592120375,1327372992,1674272209,1589700142,2331739974,2084271806,1706372110,1807435751,2119438335,1485717011
11/2007,564166533,1290022539,1630098692,1724166163,2084435614,1958181704,2145862717,2017519990,1226049804,1109723387
12/2007,567749217,1155132410,2021149862,1282255484,2193688571,2124780437,2566590159,2148060342,1182445145,987612940
01/2008,599164239,1193136708,1589707289,1640166289,2413124257,2155412018,2281593572,2169932098,1373657785,704138992
02/2008,658122638,905483808,1071393083,1210615249,1938806213,1667102586,2253893190,1780663809,981435328,592360703
03/2008,857746093,1081826186,1609111331,1389057378,2494775360,1774720692,1726884107,1306552224,1410717476,659015107
04/2008,750046073,976530100,1205009284,1785607698,2054623129,2319489792,1403962150,1716845102,1548177964,542371715
05/2008,629437970,714493562,980918003,1809534866,2288821332,2336047886,1524396277,1824856237,1595393455,780570080
06/2008,629386180,790099096,1165968285,1402593497,2780731123,2066420645,2122805177,1766923933,1311941054,1306241159
07/2008,540664798,726128526,1053882524,1337511844,2573121538,2185235663,1612178827,1715190043,1265420235,1071669370
08/2008,489973036,699412554,1159171978,1539095241,1829430819,1401830786,2626996896,1610861598,1431126576,718182039
09/2008,577697827,722966535,1393581923,1413830550,1546560532,1997897204,2553144959,1136630685,1618707730,865799401
10/2008,461408486,624761799,965492934,1657988569,1383632474,2419373175,1646044876,1343735882,1386358010,833119721
11/2008,318611255,669782132,861076140,1124524698,930032404,2111374856,1587415493,917029560,527983583,1040744580
12/2008,244456769,443976894,859139413,1254343374,1181634636,1244466938,1960286212,912525242,489438142,1051656984
01/2009,227939659,505919374,908267318,1113667244,1503059044,1564327501,1689869379,726747058,473062851,1045679035
02/2009,238488642,363314906,452614981,977169552,1316062811,1197659782,1376988535,597086073,493075052,200101791
03/2009,238202576,373831525,412974612,972411322,895081824,1890514319,1028226303,865198183,799898689,222735824
04/2009,245401668,349695946,427523479,1151221946,979896589,1471876235,1595250437,1131740304,756160684,401225840
05/2009,206110155,289307066,561746806,985281818,1101195183,1580817517,1964266938,1508305156,629370271,415148248
06/2009,228872038,369212745,779932304,988482906,1342827970,2167456380,1618746099,1345584041,703127894,437755590
07/2009,221058580,403283821,821249793,982669177,1658060746,1868415487,1816595368,1092907101,712842172,460051118
08/2009,201151315,467618448,782376186,820719414,1678076094,1784774301,1500763026,1836233296,845663362,507384871
09/2009,208954305,535046727,792382267,1219890343,1721439376,1693518277,1862603129,1654470189,962709680,552722577
10/2009,226418382,566861721,837733502,1401915832,1966447430,1341666780,2112262850,1647536760,1108591336,474218058
11/2009,235554518,670823323,732953841,1103664793,1254900321,2056926105,1877655169,1319501784,1171614472,435573198
12/2009,275083020,686847565,701718969,1268458960,1769849249,2088114948,1882004855,1756395162,951490107,555980675
01/2010,312166164,736811921,829397474,1106679279,1676644340,2084208680,2069237756,1752799610,1201432697,514472665
02/2010,263603712,391384782,641224143,803780592,1213599622,1232788906,1823784432,1494361870,866742047,507457610
03/2010,452049148,714535089,1072046918,949359902,1713838391,1781757210,2012434390,1651636146,807555686,626153250
04/2010,462845795,769749119,1001315929,1098202513,1743403768,1322703080,2664217234,2233872552,868157830,712936315
05/2010,322371851,498333871,928317613,1064662183,1680397648,2554109665,1478687653,2474744768,1169693307,832454098
06/2010,286171313,515350677,943116089,987180637,1413400345,2229031479,1880779447,1973106159,1125213377,721386387
07/2010,259501755,504780547,917505020,875770660,1242268259,1895578985,2151624237,1718686958,910536115,866299269
08/2010,361384778,522252799,929993216,811171302,1215333404,1834110131,1971625381,1589440194,1449779799,869768381
09/2010,384993608,613624488,947901633,931292073,1297910155,1433229225,2039065683,1739101648,1200412729,840128357
10/2010,426869842,631556254,999224564,1515913379,1307494224,1552630929,2186924336,2015649750,1018667294,830840124
11/2010,426190428,762670307,929676134,1099330173,1307237805,2148726814,1826525761,2227723482,896498289,856773666
12/2010,480873893,838411903,1089674491,1389933697,1544391495,2290127369,1626307606,1916537733,1204361859,679040663
01/2011,547515650,913764422,1156859484,1413874552,1564077323,2476345271,1294194604,2539496358,1316119346,737857424
02/2011,304951072,577227423,1142298220,1182865879,1235532385,1357434759,1500123152,1566587724,2237351072,543312223
03/2011,518188698,743002958,1298276032,1364794610,1544870840,1570931016,1836957422,2054318750,2678436777,825582304
04/2011,379839607,832644892,1255492812,1312345647,1468862699,1854752917,1968086675,2215826289,2780380606,779455795
05/2011,372150348,536592186,893351315,1266947627,2225375656,1814627170,1911405470,2896731355,1911803031,1182109407
06/2011,403624806,572538074,869891866,1213162421,2181010180,1930420319,2082000463,2367813312,2058805144,1346072218
07/2011,381814190,590997084,822557089,1193447834,1792310547,1941782420,2070606542,2269425903,2231620210,1418805307
08/2011,471020576,668485234,931530855,1076215614,1422330456,1408524468,2316557671,1701305013,2645264601,1080984901
09/2011,417704394,677097441,932778075,1116479909,1180791054,1923797964,2153385598,1418528124,2620820734,922171100
10/2011,359980669,620799304,865929165,1153122741,1185345167,1715933728,1816840899,1535326623,2279089252,730835781
11/2011,392633099,735900618,905787146,1131398675,1554217066,2257546948,1791364066,1488350910,1993258613,987487033
12/2011,412714359,795220207,928084000,1553856873,1979347471,2341689978,1738735555,1264329790,1584476948,886177653
01/2012,396709798,813779121,926847889,1766848393,2287506398,2626810449,1119746497,1548227941,1383855180,675670707
02/2012,409965232,897493198,805425449,1302911905,1493059481,1698434802,1012771773,1905393893,1854419648,443422342
03/2012,467292442,1180824939,1121618840,1674030673,1932439952,1059458852,1378245887,2295689581,2361308876,1151464836
04/2012,497614545,1083736911,1172917139,1889131719,1943803104,1149888642,1538777871,2451585758,2875162499,643412513
05/2012,293477042,821829419,904844497,1564686226,1769778196,1695308448,1770101299,2647460282,2377782581,796646462
06/2012,291714232,625485042,979288999,1214673203,1925595651,1720861573,1936645969,2174563167,2326972337,879751005
07/2012,300904214,677011143,1154683022,1342997580,1922776466,1864216096,1535479896,2849699956,1911812366,1023398244
08/2012,345670907,867524974,1406157078,993789095,1612605701,2588161450,2244405574,1622627081,1400015115,1133655310
09/2012,446979064,1192150434,1173718620,1484608071,1669752604,2843773132,1932872001,1582681255,1148299243,1455515810
10/2012,467125760,1085053611,1303397367,1098654490,2243597605,3154895082,1721395737,1762743667,1202702314,1247993198
11/2012,437187211,926377117,1221316941,1302996140,2511277924,2476898967,1324330084,1303940818,1226183660,791783921
12/2012,576079291,774933066,1398533821,1626295217,2994436077,2628853512,1189702864,1764893131,1294962067,792877330
01/2013,606806931,782487829,1315011271,1829170230,2858690870,2146060785,1574586301,1815555963,1360294078,920468760
02/2013,811843667,504753557,1123079086,1634595645,1988373097,1321700513,1489805485,2254962341,1529244244,738867201
03/2013,710666147,948071358,1348153178,1882535545,1934205134,1899561565,1526033710,1943913266,2623895831,1026143337
04/2013,563483557,950641129,1407907957,1851340294,2073497274,2098056149,1944929021,1748022180,3120695230,959513146
05/2013,348379789,842807496,891318996,1709048864,1637733208,2465256953,2495250718,1850826334,3376837700,977324875
06/2013,413529109,653678072,928357251,1467304415,2377167301,2195719604,3098402630,1589353904,2882466245,1875775033
07/2013,396898462,664408638,962987126,1553258351,2036931838,2022390987,3122954002,1790421182,2849317575,1822175233
08/2013,384694201,729090645,1458614354,1535224269,1803888399,2637632376,3148701771,1760929314,1838393593,1579209947
09/2013,378009498,909842174,1479646921,1762340530,1762750333,1839264669,4192280337,1913692882,1899328182,1420393762
10/2013,426732205,873717222,1584936974,1843008871,1858368455,2151096398,3760475562,2118754337,1825650218,1629069370
11/2013,389366096,1114416746,1581065960,1602899647,2787107308,2288937112,2531575378,2902798664,2011284602,1106194332
12/2013,397769641,1233144516,1804887859,1720125809,2696061703,2836576192,3141445540,2207014702,2225483567,1181594362
01/2014,396331221,1253628902,1686743909,1971390186,2202428833,2832484746,3134771871,2262920341,2907113070,1338238566
02/2014,257468054,771862068,1276873654,1574017138,1537513115,2297277561,2493201216,1302209483,2537860181,1768143275
03/2014,579646435,1001443343,1921911237,1735958057,1784935058,2935052040,2734776205,2136993973,3635781590,1435435080
04/2014,600845017,844069320,1728267043,1828838765,2036165918,2121794110,3685999111,2465985588,3311666972,1373394722
05/2014,472078604,865400608,1486957975,1380245528,2138455060,2157608552,2497289096,2878681501,3085563115,1323687384
06/2014,378900460,958968100,1447352669,1338183269,2276284560,2333761030,2578298938,2848696713,3915685476,2120953544
07/2014,452733114,1010575992,1156297215,1667524857,2012348283,2615502126,2507327908,2824054596,4339407300,2073873953
08/2014,414227212,996469709,1402544040,1577183823,2208154470,2245047110,4189891724,1710734991,3633258773,1406439150
09/2014,445031142,1078206818,1836695239,1640639395,2601475429,2518039571,3784917607,2204088581,3012732653,1812987122
10/2014,401434268,1076673531,1718441792,1576645557,2309443660,2830854735,3778060068,2091394704,3189528597,1517817914
11/2014,305188781,1289288282,1833629067,2021533731,2251456333,2496294336,3352364650,3273357151,2160376143,1296703226
12/2014,348145473,1384987417,2267854330,2194537493,3043574985,2943487672,2850311800,3360081421,1826048806,1256894336
01/2015,352164495,1323867879,2385459732,2447799084,2758061002,3264558042,2851719628,2967211791,2067985822,1067601861
02/2015,592289954,904708120,1690931976,1618098163,1942429824,1863277373,3099404530,1337944393,1709089556,1409745044
03/2015,803003937,1564431105,2334779566,2390547295,2748578463,2674179548,2550156481,2608609314,2793339672,1114817237
04/2015,677683191,1444723627,2436442812,2091628075,3087341365,2687875315,2802587259,2538303552,2710448720,1075044929
05/2015,492415069,1230613340,1721660854,2155774605,2742506708,2882371534,3607193033,2150143443,3072614065,1278310348
06/2015,466507400,1216271560,1605724322,1817286767,2594452295,2345213885,3852750036,2820482756,3226819118,1998344805
07/2015,464230324,1274360240,1537186244,1856488239,2279108185,2649661723,3045954626,3050448514,3217607865,2148593597
08/2015,336155952,1227433063,1998114395,2450279092,1738946768,2841975454,3000843109,2889741149,2581662200,1931803507
09/2015,334116413,1215860716,2537306874,1771980817,1959655842,2458142963,3459294510,2374903548,2338630782,1647630591
10/2015,382641989,1133136361,1818419583,2201221177,1951192535,2244230990,2653148072,3212208498,2428434966,1611231531
11/2015,391475505,955803059,1830064449,1684795410,2298767795,2668782377,3659837713,2537402821,2051365843,1832938278
12/2015,432962892,895543653,2022471879,2234625322,2545217546,2677215507,3552307881,2597871407,2220699197,2151944053
01/2016,395657471,888824427,2219587430,2173962687,2739400958,3524049677,2536982493,2570076650,1801791700,2026080031
02/2016,229645872,394462212,1539243774,1255201472,2054155426,2714723546,1932700853,1621454820,1716598454,1589907445
03/2016,464531440,799777155,1758444795,1979202821,2927028554,2901593173,2272350806,2019717547,2325230785,1719449113
04/2016,517245072,724795726,1696192129,2315492995,3091565926,3388445339,2702414323,2033451183,2388431769,1762633926
05/2016,448753906,727624070,2097982882,2474435639,2951391576,2742298070,2745382213,2951961912,2644211896,785582876
06/2016,425807755,702338644,1881300924,2337869413,2605055490,3199942526,3306660270,2644384887,2265082256,1656995026
07/2016,430373832,742279485,1937127714,1933381441,2788429144,3209224660,2776871419,3935317507,1742718083,1493597366
08/2016,410021821,1047385978,1801452438,2139770141,3468648825,3046369119,3582906048,2157393890,1622860984,1313187050
09/2016,457702916,1145888990,1863694276,3182810587,3149650932,2739898836,3337081434,2616511854,1685358095,1415591240
10/2016,450813446,1188470837,2220027004,2791347334,3397154704,3324775489,2482877355,2643556960,1629716282,1468341619
11/2016,379157742,862880889,1747943240,2833773256,2038413906,3482223936,2563903405,2802200555,1518525800,1636845582
12/2016,397124988,1153538472,2088624586,3368430380,2378606217,3872077235,3160451442,2051069116,2192697484,1381470852
01/2017,533538702,1043751126,1826041185,3617997240,2503881197,3839376457,3371455889,1765078780,2422640153,1424347910
02/2017,269278815,927509875,1686473612,2367622470,2549212496,3589852178,1887792874,1611265269,2994706406,815536574
03/2017,616064397,1330806846,2637156198,2000863703,2784592774,3585378133,3128524208,2174268422,2911468267,1926794569
04/2017,536862824,1001103065,2558802324,2348086493,2671909134,3302201792,3892448945,2265536492,3140461675,1881944790
05/2017,440086564,1037059540,2224617817,1875402385,3073024968,3744560898,3530146410,2488070900,2766778823,1185541553
06/2017,339897837,873465331,2265512494,1704567220,4449860242,3411987533,3408907731,3265745835,2907971261,1283063254
07/2017,355792343,864718925,2159625924,1707568926,4576902769,3329096523,3371658897,3243245884,3026975606,1464925494
08/2017,412786925,819697802,1924425821,2346303377,3265962481,4322137117,2922063088,3636949199,3088247288,1227956690
09/2017,532265092,778163993,2148995695,2796030666,4806075479,4339070591,2379101611,2494554042,3010907069,865087790
10/2017,546499563,863817593,2202787686,2754377474,4484803604,4882753159,2433905266,2615652414,2717852810,1070926896
11/2017,485207860,914215597,2517259079,2367038335,3879184860,5063169547,2869898914,2560792938,2376600297,1247768297
12/2017,480506116,841367706,2694492323,2568960979,4103978987,5796122869,2869751914,2738911545,2722385027,1137642170
01/2018,544019229,924272273,2597622645,2629376113,3338802289,5547405108,3908025005,2771196070,2948614798,1274062562
02/2018,1282604460,2377753152,1803870215,2078012194,2918363298,3240546238,2481533393,1703660035,1726528310,1997121778
03/2018,1883685507,2563190935,2936881348,3487921044,3632640602,2810925724,1814789812,3112804443,1585192141,2269228315
